20141129040514,xkcd,http://xkcd.com/
20140814182125,Twitter. It's what's happening.,https://twitter.com
20141205040338,University Libraries. Virginia Tech,http://www.lib.vt.edu/
20150424163507,reddit: the front page of the internet.,https://www.reddit.com/
20151129100925,Twitter. It's what's happening.,https://twitter.com
20160312064837,University Libraries. Virginia Tech,http://www.lib.vt.edu/
20140826094127,ECE 2574 Data Structures and Algorithms,https://filebox.ece.vt.edu/~ECE2574/
20140228140726,Electrical and Computer Engineering,https://www.ece.vt.edu/
20150328042136,Facebook,https://www.facebook.com/
20160713074013,xkcd,http://xkcd.com/
20140927163827,University Libraries. Virginia Tech,http://www.lib.vt.edu/
20141001191503,Google,https://www.google.com/
20160217150356,Virginia Tech Homepage,http://www.vt.edu/index.html
20160611194426,reddit: the front page of the internet.,https://www.reddit.com/
20150822154205,Electrical and Computer Engineering,https://www.ece.vt.edu/
20140808115021,Canvas,https://vt.instructure.com/
20150814103138,Virginia Tech Homepage,http://www.vt.edu/index.html
20140805041521,Canvas,https://vt.instructure.com/
20150617151332,Twitter. It's what's happening.,https://twitter.com
20140209130217,xkcd,http://xkcd.com/
20140429172303,Facebook,https://www.facebook.com/
20151006225246,Twitter. It's what's happening.,https://twitter.com
20160125112530,reddit: the front page of the internet.,https://www.reddit.com/
20141222111502,reddit: the front page of the internet.,https://www.reddit.com/
20160317080304,reddit: the front page of the internet.,https://www.reddit.com/
20160510071612,University Libraries. Virginia Tech,http://www.lib.vt.edu/
20141114133237,ECE 2574 Data Structures and Algorithms,https://filebox.ece.vt.edu/~ECE2574/
20140324092347,xkcd,http://xkcd.com/
20150923074243,Virginia Tech Homepage,http://www.vt.edu/index.html
20150816093538,Canvas,https://vt.instructure.com/
20160419030450,Electrical and Computer Engineering,https://www.ece.vt.edu/
20160611231209,Twitter. It's what's happening.,https://twitter.com
20150604124603,University Libraries. Virginia Tech,http://www.lib.vt.edu/
20140101112905,ECE 2574 Data Structures and Algorithms,https://filebox.ece.vt.edu/~ECE2574/
20140422065249,ECE 2574 Data Structures and Algorithms,https://filebox.ece.vt.edu/~ECE2574/
20150202082652,University Libraries. Virginia Tech,http://www.lib.vt.edu/
20150822105458,Electrical and Computer Engineering,https://www.ece.vt.edu/
20160707073103,Twitter. It's what's happening.,https://twitter.com
20150311204814,Google,https://www.google.com/
20160416125235,Canvas,https://vt.instructure.com/
20160605082225,Electrical and Computer Engineering,https://www.ece.vt.edu/
20160602095316,Facebook,https://www.facebook.com/
20150909041233,Virginia Tech Homepage,http://www.vt.edu/index.html
20160902040720,ECE 2574 Data Structures and Algorithms,https://filebox.ece.vt.edu/~ECE2574/
20140918140841,Electrical and Computer Engineering,https://www.ece.vt.edu/
20160215015914,Virginia Tech Homepage,http://www.vt.edu/index.html
20150321054529,reddit: the front page of the internet.,https://www.reddit.com/
20140215093617,Virginia Tech Homepage,http://www.vt.edu/index.html
20160909190520,Twitter. It's what's happening.,https://twitter.com
20160718151003,reddit: the front page of the internet.,https://www.reddit.com/
20140915100714,xkcd,http://xkcd.com/
20150101025204,Virginia Tech Homepage,http://www.vt.edu/index.html
20150409210521,Facebook,https://www.facebook.com/
20150917150247,Canvas,https://vt.instructure.com/
20150802061512,ECE 2574 Data Structures and Algorithms,https://filebox.ece.vt.edu/~ECE2574/
20160220202023,Virginia Tech Homepage,http://www.vt.edu/index.html
20140305095041,Twitter. It's what's happening.,https://twitter.com
20150827030244,Google,https://www.google.com/
20161225141358,Twitter. It's what's happening.,https://twitter.com
20150526215715,University Libraries. Virginia Tech,http://www.lib.vt.edu/
20161024014946,Canvas,https://vt.instructure.com/
20141226032546,University Libraries. Virginia Tech,http://www.lib.vt.edu/
20150210194511,ECE 2574 Data Structures and Algorithms,https://filebox.ece.vt.edu/~ECE2574/
20151227043040,Twitter. It's what's happening.,https://twitter.com
20160608120835,Electrical and Computer Engineering,https://www.ece.vt.edu/
20160103071710,Facebook,https://www.facebook.com/
20150429232654,xkcd,http://xkcd.com/
20151102191941,ECE 2574 Data Structures and Algorithms,https://filebox.ece.vt.edu/~ECE2574/
20151205101937,Google,https://www.google.com/
20140502040747,reddit: the front page of the internet.,https://www.reddit.com/
20140214220655,reddit: the front page of the internet.,https://www.reddit.com/
20140109193322,xkcd,http://xkcd.com/
20140919205930,Facebook,https://www.facebook.com/
20160525135419,reddit: the front page of the internet.,https://www.reddit.com/
20161114143325,Twitter. It's what's happening.,https://twitter.com
20140329071918,Facebook,https://www.facebook.com/
20140310124553,reddit: the front page of the internet.,https://www.reddit.com/
20160629221102,Google,https://www.google.com/
20160904134434,Facebook,https://www.facebook.com/
20160525035049,Virginia Tech Homepage,http://www.vt.edu/index.html
20151116190506,Virginia Tech Homepage,http://www.vt.edu/index.html
20161013134656,Virginia Tech Homepage,http://www.vt.edu/index.html
20160508175716,Canvas,https://vt.instructure.com/
20140910145446,Electrical and Computer Engineering,https://www.ece.vt.edu/
20160607115557,Virginia Tech Homepage,http://www.vt.edu/index.html
20161115075449,Canvas,https://vt.instructure.com/
20141101070254,reddit: the front page of the internet.,https://www.reddit.com/
20160313020836,ECE 2574 Data Structures and Algorithms,https://filebox.ece.vt.edu/~ECE2574/
20150106044421,Canvas,https://vt.instructure.com/
20140709230304,Virginia Tech Homepage,http://www.vt.edu/index.html
20151122063620,xkcd,http://xkcd.com/
20150718232841,Electrical and Computer Engineering,https://www.ece.vt.edu/
20150924161849,Electrical and Computer Engineering,https://www.ece.vt.edu/
20161011031037,University Libraries. Virginia Tech,http://www.lib.vt.edu/
20141203142836,reddit: the front page of the internet.,https://www.reddit.com/
20151125205759,Canvas,https://vt.instructure.com/
20150805222124,Google,https://www.google.com/
20151223130755,Twitter. It's what's happening.,https://twitter.com
20140904050556,ECE 2574 Data Structures and Algorithms,https://filebox.ece.vt.edu/~ECE2574/
20150209193017,Facebook,https://www.facebook.com/
